﻿<?xml version="1.0" encoding="UTF-8" ?>
<OpenSearchDescription xmlns="http://a9.com/-/spec/opensearch/1.1/">
  <ShortName>TinNhe.com</ShortName>
  <LongName>TinNhe.com - Khoa học - Công nghệ - Tri Thức - Khám phá</LongName>
  <Description>Khoa học - Công nghệ - Tri Thức - Khám phá</Description>
  <InputEncoding>UTF-8</InputEncoding>
  <Image width="16" height="16" type="image/x-icon">http://tinnhe.com/favicon.ico</Image>
  <Url type="text/html" method="get" template="http://tinnhe.com/s?q={searchTerms}&amp;utm_medium=searchboxplugin&amp;utm_source=browser&amp;utm_campaign=opensearch"></Url>
</OpenSearchDescription>